Device Name,Device ID,Sensor Name,Sensor ID,Date,Traffic Total
{JP-Storage55-Secondary} (10.100.11.56) HUAWEI CE6860-48S8CQ-EI @Rack_XX,9089,(016) SERVER_10.100.31.12_VMNIC10 Traffic,9210,04-04-2024 01:45:38,11218.0
{JP-Storage55-Secondary} (10.100.11.56) HUAWEI CE6860-48S8CQ-EI @Rack_XX,9089,(016) SERVER_10.100.31.12_VMNIC10 Traffic,9210,04-04-2024 02:41:38,7853.0
{JP-Storage55-Secondary} (10.100.11.56) HUAWEI CE6860-48S8CQ-EI @Rack_XX,9089,(019) SERVER_10.100.31.15_VMNIC10 Traffic,9214,04-04-2024 01:01:30,2248.0
{JP-Storage55-Secondary} (10.100.11.56) HUAWEI CE6860-48S8CQ-EI @Rack_XX,9089,(019) SERVER_10.100.31.15_VMNIC10 Traffic,9214,04-04-2024 01:02:30,4654.0
{JP-Storage55-Secondary} (10.100.11.56) HUAWEI CE6860-48S8CQ-EI @Rack_XX,9089,(019) SERVER_10.100.31.15_VMNIC10 Traffic,9214,04-04-2024 01:21:30,1169.0
{JP-Storage55-Secondary} (10.100.11.56) HUAWEI CE6860-48S8CQ-EI @Rack_XX,9089,(019) SERVER_10.100.31.15_VMNIC10 Traffic,9214,04-04-2024 01:22:30,6179.0
{JP-Storage55-Secondary} (10.100.11.56) HUAWEI CE6860-48S8CQ-EI @Rack_XX,9089,(019) SERVER_10.100.31.15_VMNIC10 Traffic,9214,04-04-2024 01:52:30,2631.0
{JP-Storage55-Secondary} (10.100.11.56) HUAWEI CE6860-48S8CQ-EI @Rack_XX,9089,(019) SERVER_10.100.31.15_VMNIC10 Traffic,9214,04-04-2024 01:53:30,1296.0
{JP-Storage55-Secondary} (10.100.11.56) HUAWEI CE6860-48S8CQ-EI @Rack_XX,9089,(019) SERVER_10.100.31.15_VMNIC10 Traffic,9214,04-04-2024 03:16:30,1110.0
{JP-Storage55-Secondary} (10.100.11.56) HUAWEI CE6860-48S8CQ-EI @Rack_XX,9089,(019) SERVER_10.100.31.15_VMNIC10 Traffic,9214,04-04-2024 03:17:30,2075.0
{JP-Storage55-Secondary} (10.100.11.56) HUAWEI CE6860-48S8CQ-EI @Rack_XX,9089,(019) SERVER_10.100.31.15_VMNIC10 Traffic,9214,04-04-2024 03:18:30,3428.0
{JP-Storage55-Secondary} (10.100.11.56) HUAWEI CE6860-48S8CQ-EI @Rack_XX,9089,(019) SERVER_10.100.31.15_VMNIC10 Traffic,9214,04-04-2024 03:19:30,1563.0
{JP-Storage55-Secondary} (10.100.11.56) HUAWEI CE6860-48S8CQ-EI @Rack_XX,9089,(019) SERVER_10.100.31.15_VMNIC10 Traffic,9214,04-04-2024 07:01:30,728.0
{JP-Storage55-Secondary} (10.100.11.56) HUAWEI CE6860-48S8CQ-EI @Rack_XX,9089,(019) SERVER_10.100.31.15_VMNIC10 Traffic,9214,04-04-2024 18:38:30,828.0
{JP-Storage55-Secondary} (10.100.11.56) HUAWEI CE6860-48S8CQ-EI @Rack_XX,9089,(019) SERVER_10.100.31.15_VMNIC10 Traffic,9214,04-04-2024 18:39:30,856.0
{JP-Storage55-Secondary} (10.100.11.56) HUAWEI CE6860-48S8CQ-EI @Rack_XX,9089,(019) SERVER_10.100.31.15_VMNIC10 Traffic,9214,04-04-2024 18:40:30,816.0
{JP-Storage55-Secondary} (10.100.11.56) HUAWEI CE6860-48S8CQ-EI @Rack_XX,9089,(019) SERVER_10.100.31.15_VMNIC10 Traffic,9214,04-04-2024 18:41:30,852.0
{JP-Storage55-Secondary} (10.100.11.56) HUAWEI CE6860-48S8CQ-EI @Rack_XX,9089,(023) SERVER_10.100.31.19_VMNIC4 Traffic,9218,04-04-2024 00:31:20,1467.0
{JP-Storage55-Secondary} (10.100.11.56) HUAWEI CE6860-48S8CQ-EI @Rack_XX,9089,(023) SERVER_10.100.31.19_VMNIC4 Traffic,9218,04-04-2024 01:02:20,3448.0
{JP-Storage55-Secondary} (10.100.11.56) HUAWEI CE6860-48S8CQ-EI @Rack_XX,9089,(023) SERVER_10.100.31.19_VMNIC4 Traffic,9218,04-04-2024 01:52:20,1467.0
{JP-Storage55-Secondary} (10.100.11.56) HUAWEI CE6860-48S8CQ-EI @Rack_XX,9089,(023) SERVER_10.100.31.19_VMNIC4 Traffic,9218,04-04-2024 01:53:20,1088.0
{JP-Storage55-Secondary} (10.100.11.56) HUAWEI CE6860-48S8CQ-EI @Rack_XX,9089,(023) SERVER_10.100.31.19_VMNIC4 Traffic,9218,04-04-2024 07:02:20,1063.0
{JP-Storage55-Secondary} (10.100.11.56) HUAWEI CE6860-48S8CQ-EI @Rack_XX,9089,(023) SERVER_10.100.31.19_VMNIC4 Traffic,9218,04-04-2024 08:07:20,1283.0
{JP-Storage55-Secondary} (10.100.11.56) HUAWEI CE6860-48S8CQ-EI @Rack_XX,9089,(030) SERVER_10.100.31.12_VMNIC11 Traffic,9223,04-04-2024 09:32:43,1179.0
{JP-Storage55-Secondary} (10.100.11.56) HUAWEI CE6860-48S8CQ-EI @Rack_XX,9089,(030) SERVER_10.100.31.12_VMNIC11 Traffic,9223,04-04-2024 09:36:43,1455.0
{JP-Storage55-Secondary} (10.100.11.56) HUAWEI CE6860-48S8CQ-EI @Rack_XX,9089,(030) SERVER_10.100.31.12_VMNIC11 Traffic,9223,04-04-2024 09:42:43,2261.0
{JP-Storage55-Secondary} (10.100.11.56) HUAWEI CE6860-48S8CQ-EI @Rack_XX,9089,(030) SERVER_10.100.31.12_VMNIC11 Traffic,9223,04-04-2024 09:43:43,1128.0
{JP-Storage55-Secondary} (10.100.11.56) HUAWEI CE6860-48S8CQ-EI @Rack_XX,9089,(030) SERVER_10.100.31.12_VMNIC11 Traffic,9223,04-04-2024 10:00:43,798.0
{JP-Storage55-Secondary} (10.100.11.56) HUAWEI CE6860-48S8CQ-EI @Rack_XX,9089,(030) SERVER_10.100.31.12_VMNIC11 Traffic,9223,04-04-2024 10:04:43,2216.0
{JP-Storage55-Secondary} (10.100.11.56) HUAWEI CE6860-48S8CQ-EI @Rack_XX,9089,(030) SERVER_10.100.31.12_VMNIC11 Traffic,9223,04-04-2024 13:29:43,3325.0
{JP-Storage55-Secondary} (10.100.11.56) HUAWEI CE6860-48S8CQ-EI @Rack_XX,9089,(030) SERVER_10.100.31.12_VMNIC11 Traffic,9223,04-04-2024 14:26:42,4034.0
{JP-Storage55-Secondary} (10.100.11.56) HUAWEI CE6860-48S8CQ-EI @Rack_XX,9089,(030) SERVER_10.100.31.12_VMNIC11 Traffic,9223,04-04-2024 16:10:42,1407.0
{JP-Storage55-Secondary} (10.100.11.56) HUAWEI CE6860-48S8CQ-EI @Rack_XX,9089,(032) SERVER_10.100.31.14_VMNIC11 Traffic,9225,04-04-2024 00:57:59,848.0
{JP-Storage55-Secondary} (10.100.11.56) HUAWEI CE6860-48S8CQ-EI @Rack_XX,9089,(032) SERVER_10.100.31.14_VMNIC11 Traffic,9225,04-04-2024 00:58:59,966.0
{JP-Storage55-Secondary} (10.100.11.56) HUAWEI CE6860-48S8CQ-EI @Rack_XX,9089,(032) SERVER_10.100.31.14_VMNIC11 Traffic,9225,04-04-2024 00:59:59,946.0
{JP-Storage55-Secondary} (10.100.11.56) HUAWEI CE6860-48S8CQ-EI @Rack_XX,9089,(032) SERVER_10.100.31.14_VMNIC11 Traffic,9225,04-04-2024 01:00:59,955.0
{JP-Storage55-Secondary} (10.100.11.56) HUAWEI CE6860-48S8CQ-EI @Rack_XX,9089,(032) SERVER_10.100.31.14_VMNIC11 Traffic,9225,04-04-2024 01:01:59,997.0
{JP-Storage55-Secondary} (10.100.11.56) HUAWEI CE6860-48S8CQ-EI @Rack_XX,9089,(032) SERVER_10.100.31.14_VMNIC11 Traffic,9225,04-04-2024 01:02:59,983.0
{JP-Storage55-Secondary} (10.100.11.56) HUAWEI CE6860-48S8CQ-EI @Rack_XX,9089,(032) SERVER_10.100.31.14_VMNIC11 Traffic,9225,04-04-2024 01:03:59,945.0
{JP-Storage55-Secondary} (10.100.11.56) HUAWEI CE6860-48S8CQ-EI @Rack_XX,9089,(032) SERVER_10.100.31.14_VMNIC11 Traffic,9225,04-04-2024 01:04:59,969.0
{JP-Storage55-Secondary} (10.100.11.56) HUAWEI CE6860-48S8CQ-EI @Rack_XX,9089,(032) SERVER_10.100.31.14_VMNIC11 Traffic,9225,04-04-2024 01:05:59,906.0
{JP-Storage55-Secondary} (10.100.11.56) HUAWEI CE6860-48S8CQ-EI @Rack_XX,9089,(032) SERVER_10.100.31.14_VMNIC11 Traffic,9225,04-04-2024 01:19:59,730.0
{JP-Storage55-Secondary} (10.100.11.56) HUAWEI CE6860-48S8CQ-EI @Rack_XX,9089,(032) SERVER_10.100.31.14_VMNIC11 Traffic,9225,04-04-2024 01:21:59,893.0
{JP-Storage55-Secondary} (10.100.11.56) HUAWEI CE6860-48S8CQ-EI @Rack_XX,9089,(032) SERVER_10.100.31.14_VMNIC11 Traffic,9225,04-04-2024 01:22:59,942.0
{JP-Storage55-Secondary} (10.100.11.56) HUAWEI CE6860-48S8CQ-EI @Rack_XX,9089,(032) SERVER_10.100.31.14_VMNIC11 Traffic,9225,04-04-2024 01:23:59,937.0
{JP-Storage55-Secondary} (10.100.11.56) HUAWEI CE6860-48S8CQ-EI @Rack_XX,9089,(032) SERVER_10.100.31.14_VMNIC11 Traffic,9225,04-04-2024 01:25:59,849.0
{JP-Storage55-Secondary} (10.100.11.56) HUAWEI CE6860-48S8CQ-EI @Rack_XX,9089,(032) SERVER_10.100.31.14_VMNIC11 Traffic,9225,04-04-2024 01:26:59,742.0
{JP-Storage55-Secondary} (10.100.11.56) HUAWEI CE6860-48S8CQ-EI @Rack_XX,9089,(032) SERVER_10.100.31.14_VMNIC11 Traffic,9225,04-04-2024 01:27:59,738.0
{JP-Storage55-Secondary} (10.100.11.56) HUAWEI CE6860-48S8CQ-EI @Rack_XX,9089,(032) SERVER_10.100.31.14_VMNIC11 Traffic,9225,04-04-2024 01:28:59,963.0
{JP-Storage55-Secondary} (10.100.11.56) HUAWEI CE6860-48S8CQ-EI @Rack_XX,9089,(032) SERVER_10.100.31.14_VMNIC11 Traffic,9225,04-04-2024 01:29:59,966.0
{JP-Storage55-Secondary} (10.100.11.56) HUAWEI CE6860-48S8CQ-EI @Rack_XX,9089,(032) SERVER_10.100.31.14_VMNIC11 Traffic,9225,04-04-2024 01:30:59,936.0
{JP-Storage55-Secondary} (10.100.11.56) HUAWEI CE6860-48S8CQ-EI @Rack_XX,9089,(032) SERVER_10.100.31.14_VMNIC11 Traffic,9225,04-04-2024 01:31:59,982.0
{JP-Storage55-Secondary} (10.100.11.56) HUAWEI CE6860-48S8CQ-EI @Rack_XX,9089,(032) SERVER_10.100.31.14_VMNIC11 Traffic,9225,04-04-2024 01:33:59,950.0
{JP-Storage55-Secondary} (10.100.11.56) HUAWEI CE6860-48S8CQ-EI @Rack_XX,9089,(032) SERVER_10.100.31.14_VMNIC11 Traffic,9225,04-04-2024 01:34:59,938.0
{JP-Storage55-Secondary} (10.100.11.56) HUAWEI CE6860-48S8CQ-EI @Rack_XX,9089,(032) SERVER_10.100.31.14_VMNIC11 Traffic,9225,04-04-2024 01:35:59,964.0
{JP-Storage55-Secondary} (10.100.11.56) HUAWEI CE6860-48S8CQ-EI @Rack_XX,9089,(032) SERVER_10.100.31.14_VMNIC11 Traffic,9225,04-04-2024 01:36:59,964.0
{JP-Storage55-Secondary} (10.100.11.56) HUAWEI CE6860-48S8CQ-EI @Rack_XX,9089,(032) SERVER_10.100.31.14_VMNIC11 Traffic,9225,04-04-2024 01:37:59,963.0
{JP-Storage55-Secondary} (10.100.11.56) HUAWEI CE6860-48S8CQ-EI @Rack_XX,9089,(032) SERVER_10.100.31.14_VMNIC11 Traffic,9225,04-04-2024 01:38:59,969.0
{JP-Storage55-Secondary} (10.100.11.56) HUAWEI CE6860-48S8CQ-EI @Rack_XX,9089,(032) SERVER_10.100.31.14_VMNIC11 Traffic,9225,04-04-2024 01:39:59,972.0
{JP-Storage55-Secondary} (10.100.11.56) HUAWEI CE6860-48S8CQ-EI @Rack_XX,9089,(032) SERVER_10.100.31.14_VMNIC11 Traffic,9225,04-04-2024 01:40:59,1003.0
{JP-Storage55-Secondary} (10.100.11.56) HUAWEI CE6860-48S8CQ-EI @Rack_XX,9089,(032) SERVER_10.100.31.14_VMNIC11 Traffic,9225,04-04-2024 01:41:59,1068.0
{JP-Storage55-Secondary} (10.100.11.56) HUAWEI CE6860-48S8CQ-EI @Rack_XX,9089,(032) SERVER_10.100.31.14_VMNIC11 Traffic,9225,04-04-2024 01:42:59,1058.0
{JP-Storage55-Secondary} (10.100.11.56) HUAWEI CE6860-48S8CQ-EI @Rack_XX,9089,(032) SERVER_10.100.31.14_VMNIC11 Traffic,9225,04-04-2024 01:43:59,1092.0
{JP-Storage55-Secondary} (10.100.11.56) HUAWEI CE6860-48S8CQ-EI @Rack_XX,9089,(032) SERVER_10.100.31.14_VMNIC11 Traffic,9225,04-04-2024 01:44:59,1078.0
{JP-Storage55-Secondary} (10.100.11.56) HUAWEI CE6860-48S8CQ-EI @Rack_XX,9089,(032) SERVER_10.100.31.14_VMNIC11 Traffic,9225,04-04-2024 01:45:59,1060.0
{JP-Storage55-Secondary} (10.100.11.56) HUAWEI CE6860-48S8CQ-EI @Rack_XX,9089,(032) SERVER_10.100.31.14_VMNIC11 Traffic,9225,04-04-2024 01:46:59,975.0
{JP-Storage55-Secondary} (10.100.11.56) HUAWEI CE6860-48S8CQ-EI @Rack_XX,9089,(032) SERVER_10.100.31.14_VMNIC11 Traffic,9225,04-04-2024 01:47:59,972.0
{JP-Storage55-Secondary} (10.100.11.56) HUAWEI CE6860-48S8CQ-EI @Rack_XX,9089,(032) SERVER_10.100.31.14_VMNIC11 Traffic,9225,04-04-2024 01:48:59,937.0
{JP-Storage55-Secondary} (10.100.11.56) HUAWEI CE6860-48S8CQ-EI @Rack_XX,9089,(032) SERVER_10.100.31.14_VMNIC11 Traffic,9225,04-04-2024 01:49:59,928.0
{JP-Storage55-Secondary} (10.100.11.56) HUAWEI CE6860-48S8CQ-EI @Rack_XX,9089,(032) SERVER_10.100.31.14_VMNIC11 Traffic,9225,04-04-2024 01:50:59,970.0
{JP-Storage55-Secondary} (10.100.11.56) HUAWEI CE6860-48S8CQ-EI @Rack_XX,9089,(032) SERVER_10.100.31.14_VMNIC11 Traffic,9225,04-04-2024 01:51:59,970.0
{JP-Storage55-Secondary} (10.100.11.56) HUAWEI CE6860-48S8CQ-EI @Rack_XX,9089,(032) SERVER_10.100.31.14_VMNIC11 Traffic,9225,04-04-2024 01:53:59,858.0
{JP-Storage55-Secondary} (10.100.11.56) HUAWEI CE6860-48S8CQ-EI @Rack_XX,9089,(032) SERVER_10.100.31.14_VMNIC11 Traffic,9225,04-04-2024 01:54:59,966.0
{JP-Storage55-Secondary} (10.100.11.56) HUAWEI CE6860-48S8CQ-EI @Rack_XX,9089,(032) SERVER_10.100.31.14_VMNIC11 Traffic,9225,04-04-2024 01:55:59,983.0
{JP-Storage55-Secondary} (10.100.11.56) HUAWEI CE6860-48S8CQ-EI @Rack_XX,9089,(032) SERVER_10.100.31.14_VMNIC11 Traffic,9225,04-04-2024 01:56:59,969.0
{JP-Storage55-Secondary} (10.100.11.56) HUAWEI CE6860-48S8CQ-EI @Rack_XX,9089,(032) SERVER_10.100.31.14_VMNIC11 Traffic,9225,04-04-2024 01:57:59,961.0
{JP-Storage55-Secondary} (10.100.11.56) HUAWEI CE6860-48S8CQ-EI @Rack_XX,9089,(032) SERVER_10.100.31.14_VMNIC11 Traffic,9225,04-04-2024 01:58:59,961.0
{JP-Storage55-Secondary} (10.100.11.56) HUAWEI CE6860-48S8CQ-EI @Rack_XX,9089,(032) SERVER_10.100.31.14_VMNIC11 Traffic,9225,04-04-2024 01:59:59,966.0
{JP-Storage55-Secondary} (10.100.11.56) HUAWEI CE6860-48S8CQ-EI @Rack_XX,9089,(032) SERVER_10.100.31.14_VMNIC11 Traffic,9225,04-04-2024 02:00:59,960.0
{JP-Storage55-Secondary} (10.100.11.56) HUAWEI CE6860-48S8CQ-EI @Rack_XX,9089,(032) SERVER_10.100.31.14_VMNIC11 Traffic,9225,04-04-2024 02:01:59,1457.0
{JP-Storage55-Secondary} (10.100.11.56) HUAWEI CE6860-48S8CQ-EI @Rack_XX,9089,(032) SERVER_10.100.31.14_VMNIC11 Traffic,9225,04-04-2024 02:02:59,1513.0
{JP-Storage55-Secondary} (10.100.11.56) HUAWEI CE6860-48S8CQ-EI @Rack_XX,9089,(032) SERVER_10.100.31.14_VMNIC11 Traffic,9225,04-04-2024 02:03:59,1357.0
{JP-Storage55-Secondary} (10.100.11.56) HUAWEI CE6860-48S8CQ-EI @Rack_XX,9089,(032) SERVER_10.100.31.14_VMNIC11 Traffic,9225,04-04-2024 02:11:59,719.0
{JP-Storage55-Secondary} (10.100.11.56) HUAWEI CE6860-48S8CQ-EI @Rack_XX,9089,(032) SERVER_10.100.31.14_VMNIC11 Traffic,9225,04-04-2024 02:12:59,892.0
{JP-Storage55-Secondary} (10.100.11.56) HUAWEI CE6860-48S8CQ-EI @Rack_XX,9089,(032) SERVER_10.100.31.14_VMNIC11 Traffic,9225,04-04-2024 02:13:59,936.0
{JP-Storage55-Secondary} (10.100.11.56) HUAWEI CE6860-48S8CQ-EI @Rack_XX,9089,(032) SERVER_10.100.31.14_VMNIC11 Traffic,9225,04-04-2024 02:14:59,884.0
{JP-Storage55-Secondary} (10.100.11.56) HUAWEI CE6860-48S8CQ-EI @Rack_XX,9089,(032) SERVER_10.100.31.14_VMNIC11 Traffic,9225,04-04-2024 02:15:59,1256.0
{JP-Storage55-Secondary} (10.100.11.56) HUAWEI CE6860-48S8CQ-EI @Rack_XX,9089,(032) SERVER_10.100.31.14_VMNIC11 Traffic,9225,04-04-2024 02:41:59,961.0
{JP-Storage55-Secondary} (10.100.11.56) HUAWEI CE6860-48S8CQ-EI @Rack_XX,9089,(032) SERVER_10.100.31.14_VMNIC11 Traffic,9225,04-04-2024 03:12:59,1275.0
{JP-Storage55-Secondary} (10.100.11.56) HUAWEI CE6860-48S8CQ-EI @Rack_XX,9089,(032) SERVER_10.100.31.14_VMNIC11 Traffic,9225,04-04-2024 03:13:59,892.0
{JP-Storage55-Secondary} (10.100.11.56) HUAWEI CE6860-48S8CQ-EI @Rack_XX,9089,(032) SERVER_10.100.31.14_VMNIC11 Traffic,9225,04-04-2024 08:31:59,817.0
{JP-Storage55-Secondary} (10.100.11.56) HUAWEI CE6860-48S8CQ-EI @Rack_XX,9089,(032) SERVER_10.100.31.14_VMNIC11 Traffic,9225,04-04-2024 09:32:59,1179.0
{JP-Storage55-Secondary} (10.100.11.56) HUAWEI CE6860-48S8CQ-EI @Rack_XX,9089,(032) SERVER_10.100.31.14_VMNIC11 Traffic,9225,04-04-2024 09:43:59,3695.0
{JP-Storage55-Secondary} (10.100.11.56) HUAWEI CE6860-48S8CQ-EI @Rack_XX,9089,(032) SERVER_10.100.31.14_VMNIC11 Traffic,9225,04-04-2024 10:02:59,4563.0
{JP-Storage55-Secondary} (10.100.11.56) HUAWEI CE6860-48S8CQ-EI @Rack_XX,9089,(032) SERVER_10.100.31.14_VMNIC11 Traffic,9225,04-04-2024 11:24:59,2143.0
{JP-Storage55-Secondary} (10.100.11.56) HUAWEI CE6860-48S8CQ-EI @Rack_XX,9089,(032) SERVER_10.100.31.14_VMNIC11 Traffic,9225,04-04-2024 14:26:58,3342.0
{JP-Storage55-Secondary} (10.100.11.56) HUAWEI CE6860-48S8CQ-EI @Rack_XX,9089,(032) SERVER_10.100.31.14_VMNIC11 Traffic,9225,04-04-2024 16:20:58,1112.0
{JP-Storage55-Secondary} (10.100.11.56) HUAWEI CE6860-48S8CQ-EI @Rack_XX,9089,(034) SERVER_10.100.31.16_VMNIC11 Traffic,9227,04-04-2024 00:25:09,762.0
{JP-Storage55-Secondary} (10.100.11.56) HUAWEI CE6860-48S8CQ-EI @Rack_XX,9089,(034) SERVER_10.100.31.16_VMNIC11 Traffic,9227,04-04-2024 00:26:09,932.0
{JP-Storage55-Secondary} (10.100.11.56) HUAWEI CE6860-48S8CQ-EI @Rack_XX,9089,(034) SERVER_10.100.31.16_VMNIC11 Traffic,9227,04-04-2024 00:27:09,925.0
{JP-Storage55-Secondary} (10.100.11.56) HUAWEI CE6860-48S8CQ-EI @Rack_XX,9089,(034) SERVER_10.100.31.16_VMNIC11 Traffic,9227,04-04-2024 00:28:09,926.0
{JP-Storage55-Secondary} (10.100.11.56) HUAWEI CE6860-48S8CQ-EI @Rack_XX,9089,(034) SERVER_10.100.31.16_VMNIC11 Traffic,9227,04-04-2024 00:29:09,933.0
{JP-Storage55-Secondary} (10.100.11.56) HUAWEI CE6860-48S8CQ-EI @Rack_XX,9089,(034) SERVER_10.100.31.16_VMNIC11 Traffic,9227,04-04-2024 00:30:09,941.0
{JP-Storage55-Secondary} (10.100.11.56) HUAWEI CE6860-48S8CQ-EI @Rack_XX,9089,(034) SERVER_10.100.31.16_VMNIC11 Traffic,9227,04-04-2024 00:31:09,921.0
{JP-Storage55-Secondary} (10.100.11.56) HUAWEI CE6860-48S8CQ-EI @Rack_XX,9089,(034) SERVER_10.100.31.16_VMNIC11 Traffic,9227,04-04-2024 00:32:09,908.0
{JP-Storage55-Secondary} (10.100.11.56) HUAWEI CE6860-48S8CQ-EI @Rack_XX,9089,(034) SERVER_10.100.31.16_VMNIC11 Traffic,9227,04-04-2024 00:33:09,938.0
{JP-Storage55-Secondary} (10.100.11.56) HUAWEI CE6860-48S8CQ-EI @Rack_XX,9089,(034) SERVER_10.100.31.16_VMNIC11 Traffic,9227,04-04-2024 00:34:09,928.0
{JP-Storage55-Secondary} (10.100.11.56) HUAWEI CE6860-48S8CQ-EI @Rack_XX,9089,(034) SERVER_10.100.31.16_VMNIC11 Traffic,9227,04-04-2024 00:35:09,928.0
{JP-Storage55-Secondary} (10.100.11.56) HUAWEI CE6860-48S8CQ-EI @Rack_XX,9089,(034) SERVER_10.100.31.16_VMNIC11 Traffic,9227,04-04-2024 00:36:09,945.0
{JP-Storage55-Secondary} (10.100.11.56) HUAWEI CE6860-48S8CQ-EI @Rack_XX,9089,(034) SERVER_10.100.31.16_VMNIC11 Traffic,9227,04-04-2024 00:37:09,941.0
{JP-Storage55-Secondary} (10.100.11.56) HUAWEI CE6860-48S8CQ-EI @Rack_XX,9089,(034) SERVER_10.100.31.16_VMNIC11 Traffic,9227,04-04-2024 00:38:09,928.0
{JP-Storage55-Secondary} (10.100.11.56) HUAWEI CE6860-48S8CQ-EI @Rack_XX,9089,(034) SERVER_10.100.31.16_VMNIC11 Traffic,9227,04-04-2024 00:39:09,922.0
{JP-Storage55-Secondary} (10.100.11.56) HUAWEI CE6860-48S8CQ-EI @Rack_XX,9089,(034) SERVER_10.100.31.16_VMNIC11 Traffic,9227,04-04-2024 01:01:09,906.0
{JP-Storage55-Secondary} (10.100.11.56) HUAWEI CE6860-48S8CQ-EI @Rack_XX,9089,(034) SERVER_10.100.31.16_VMNIC11 Traffic,9227,04-04-2024 01:51:09,701.0
{JP-Storage55-Secondary} (10.100.11.56) HUAWEI CE6860-48S8CQ-EI @Rack_XX,9089,(034) SERVER_10.100.31.16_VMNIC11 Traffic,9227,04-04-2024 02:06:09,752.0
{JP-Storage55-Secondary} (10.100.11.56) HUAWEI CE6860-48S8CQ-EI @Rack_XX,9089,(034) SERVER_10.100.31.16_VMNIC11 Traffic,9227,04-04-2024 02:07:09,958.0
{JP-Storage55-Secondary} (10.100.11.56) HUAWEI CE6860-48S8CQ-EI @Rack_XX,9089,(034) SERVER_10.100.31.16_VMNIC11 Traffic,9227,04-04-2024 02:08:09,959.0
{JP-Storage55-Secondary} (10.100.11.56) HUAWEI CE6860-48S8CQ-EI @Rack_XX,9089,(034) SERVER_10.100.31.16_VMNIC11 Traffic,9227,04-04-2024 02:09:09,972.0
{JP-Storage55-Secondary} (10.100.11.56) HUAWEI CE6860-48S8CQ-EI @Rack_XX,9089,(034) SERVER_10.100.31.16_VMNIC11 Traffic,9227,04-04-2024 02:10:09,942.0
{JP-Storage55-Secondary} (10.100.11.56) HUAWEI CE6860-48S8CQ-EI @Rack_XX,9089,(034) SERVER_10.100.31.16_VMNIC11 Traffic,9227,04-04-2024 02:11:09,976.0
{JP-Storage55-Secondary} (10.100.11.56) HUAWEI CE6860-48S8CQ-EI @Rack_XX,9089,(034) SERVER_10.100.31.16_VMNIC11 Traffic,9227,04-04-2024 02:12:09,955.0
{JP-Storage55-Secondary} (10.100.11.56) HUAWEI CE6860-48S8CQ-EI @Rack_XX,9089,(034) SERVER_10.100.31.16_VMNIC11 Traffic,9227,04-04-2024 02:13:09,955.0
{JP-Storage55-Secondary} (10.100.11.56) HUAWEI CE6860-48S8CQ-EI @Rack_XX,9089,(034) SERVER_10.100.31.16_VMNIC11 Traffic,9227,04-04-2024 02:14:09,962.0
{JP-Storage55-Secondary} (10.100.11.56) HUAWEI CE6860-48S8CQ-EI @Rack_XX,9089,(034) SERVER_10.100.31.16_VMNIC11 Traffic,9227,04-04-2024 02:15:09,945.0
{JP-Storage55-Secondary} (10.100.11.56) HUAWEI CE6860-48S8CQ-EI @Rack_XX,9089,(034) SERVER_10.100.31.16_VMNIC11 Traffic,9227,04-04-2024 02:16:09,1076.0
{JP-Storage55-Secondary} (10.100.11.56) HUAWEI CE6860-48S8CQ-EI @Rack_XX,9089,(034) SERVER_10.100.31.16_VMNIC11 Traffic,9227,04-04-2024 02:17:09,945.0
{JP-Storage55-Secondary} (10.100.11.56) HUAWEI CE6860-48S8CQ-EI @Rack_XX,9089,(034) SERVER_10.100.31.16_VMNIC11 Traffic,9227,04-04-2024 02:18:09,953.0
{JP-Storage55-Secondary} (10.100.11.56) HUAWEI CE6860-48S8CQ-EI @Rack_XX,9089,(034) SERVER_10.100.31.16_VMNIC11 Traffic,9227,04-04-2024 02:19:09,904.0
{JP-Storage55-Secondary} (10.100.11.56) HUAWEI CE6860-48S8CQ-EI @Rack_XX,9089,(034) SERVER_10.100.31.16_VMNIC11 Traffic,9227,04-04-2024 02:20:09,954.0
{JP-Storage55-Secondary} (10.100.11.56) HUAWEI CE6860-48S8CQ-EI @Rack_XX,9089,(034) SERVER_10.100.31.16_VMNIC11 Traffic,9227,04-04-2024 02:21:09,978.0
{JP-Storage55-Secondary} (10.100.11.56) HUAWEI CE6860-48S8CQ-EI @Rack_XX,9089,(034) SERVER_10.100.31.16_VMNIC11 Traffic,9227,04-04-2024 02:22:09,951.0
{JP-Storage55-Secondary} (10.100.11.56) HUAWEI CE6860-48S8CQ-EI @Rack_XX,9089,(034) SERVER_10.100.31.16_VMNIC11 Traffic,9227,04-04-2024 02:23:09,949.0
{JP-Storage55-Secondary} (10.100.11.56) HUAWEI CE6860-48S8CQ-EI @Rack_XX,9089,(034) SERVER_10.100.31.16_VMNIC11 Traffic,9227,04-04-2024 02:24:09,956.0
{JP-Storage55-Secondary} (10.100.11.56) HUAWEI CE6860-48S8CQ-EI @Rack_XX,9089,(034) SERVER_10.100.31.16_VMNIC11 Traffic,9227,04-04-2024 02:25:09,980.0
{JP-Storage55-Secondary} (10.100.11.56) HUAWEI CE6860-48S8CQ-EI @Rack_XX,9089,(034) SERVER_10.100.31.16_VMNIC11 Traffic,9227,04-04-2024 02:26:09,749.0
{JP-Storage55-Secondary} (10.100.11.56) HUAWEI CE6860-48S8CQ-EI @Rack_XX,9089,(034) SERVER_10.100.31.16_VMNIC11 Traffic,9227,04-04-2024 02:28:09,725.0
{JP-Storage55-Secondary} (10.100.11.56) HUAWEI CE6860-48S8CQ-EI @Rack_XX,9089,(034) SERVER_10.100.31.16_VMNIC11 Traffic,9227,04-04-2024 02:29:09,961.0
{JP-Storage55-Secondary} (10.100.11.56) HUAWEI CE6860-48S8CQ-EI @Rack_XX,9089,(034) SERVER_10.100.31.16_VMNIC11 Traffic,9227,04-04-2024 02:30:09,963.0
{JP-Storage55-Secondary} (10.100.11.56) HUAWEI CE6860-48S8CQ-EI @Rack_XX,9089,(034) SERVER_10.100.31.16_VMNIC11 Traffic,9227,04-04-2024 02:31:09,964.0
{JP-Storage55-Secondary} (10.100.11.56) HUAWEI CE6860-48S8CQ-EI @Rack_XX,9089,(034) SERVER_10.100.31.16_VMNIC11 Traffic,9227,04-04-2024 02:32:09,954.0
{JP-Storage55-Secondary} (10.100.11.56) HUAWEI CE6860-48S8CQ-EI @Rack_XX,9089,(034) SERVER_10.100.31.16_VMNIC11 Traffic,9227,04-04-2024 02:33:09,953.0
{JP-Storage55-Secondary} (10.100.11.56) HUAWEI CE6860-48S8CQ-EI @Rack_XX,9089,(034) SERVER_10.100.31.16_VMNIC11 Traffic,9227,04-04-2024 02:34:09,960.0
{JP-Storage55-Secondary} (10.100.11.56) HUAWEI CE6860-48S8CQ-EI @Rack_XX,9089,(034) SERVER_10.100.31.16_VMNIC11 Traffic,9227,04-04-2024 02:35:09,956.0
{JP-Storage55-Secondary} (10.100.11.56) HUAWEI CE6860-48S8CQ-EI @Rack_XX,9089,(034) SERVER_10.100.31.16_VMNIC11 Traffic,9227,04-04-2024 02:36:09,950.0
{JP-Storage55-Secondary} (10.100.11.56) HUAWEI CE6860-48S8CQ-EI @Rack_XX,9089,(034) SERVER_10.100.31.16_VMNIC11 Traffic,9227,04-04-2024 02:37:09,941.0
{JP-Storage55-Secondary} (10.100.11.56) HUAWEI CE6860-48S8CQ-EI @Rack_XX,9089,(034) SERVER_10.100.31.16_VMNIC11 Traffic,9227,04-04-2024 02:38:09,960.0
{JP-Storage55-Secondary} (10.100.11.56) HUAWEI CE6860-48S8CQ-EI @Rack_XX,9089,(034) SERVER_10.100.31.16_VMNIC11 Traffic,9227,04-04-2024 02:39:09,979.0
{JP-Storage55-Secondary} (10.100.11.56) HUAWEI CE6860-48S8CQ-EI @Rack_XX,9089,(034) SERVER_10.100.31.16_VMNIC11 Traffic,9227,04-04-2024 02:40:09,957.0
{JP-Storage55-Secondary} (10.100.11.56) HUAWEI CE6860-48S8CQ-EI @Rack_XX,9089,(034) SERVER_10.100.31.16_VMNIC11 Traffic,9227,04-04-2024 02:41:09,947.0
{JP-Storage55-Secondary} (10.100.11.56) HUAWEI CE6860-48S8CQ-EI @Rack_XX,9089,(034) SERVER_10.100.31.16_VMNIC11 Traffic,9227,04-04-2024 02:42:09,948.0
{JP-Storage55-Secondary} (10.100.11.56) HUAWEI CE6860-48S8CQ-EI @Rack_XX,9089,(034) SERVER_10.100.31.16_VMNIC11 Traffic,9227,04-04-2024 02:43:09,951.0
{JP-Storage55-Secondary} (10.100.11.56) HUAWEI CE6860-48S8CQ-EI @Rack_XX,9089,(034) SERVER_10.100.31.16_VMNIC11 Traffic,9227,04-04-2024 02:44:09,962.0
{JP-Storage55-Secondary} (10.100.11.56) HUAWEI CE6860-48S8CQ-EI @Rack_XX,9089,(034) SERVER_10.100.31.16_VMNIC11 Traffic,9227,04-04-2024 02:45:09,967.0
{JP-Storage55-Secondary} (10.100.11.56) HUAWEI CE6860-48S8CQ-EI @Rack_XX,9089,(034) SERVER_10.100.31.16_VMNIC11 Traffic,9227,04-04-2024 02:46:09,907.0
{JP-Storage55-Secondary} (10.100.11.56) HUAWEI CE6860-48S8CQ-EI @Rack_XX,9089,(034) SERVER_10.100.31.16_VMNIC11 Traffic,9227,04-04-2024 02:47:09,972.0
{JP-Storage55-Secondary} (10.100.11.56) HUAWEI CE6860-48S8CQ-EI @Rack_XX,9089,(034) SERVER_10.100.31.16_VMNIC11 Traffic,9227,04-04-2024 02:48:09,952.0
{JP-Storage55-Secondary} (10.100.11.56) HUAWEI CE6860-48S8CQ-EI @Rack_XX,9089,(034) SERVER_10.100.31.16_VMNIC11 Traffic,9227,04-04-2024 02:49:09,951.0
{JP-Storage55-Secondary} (10.100.11.56) HUAWEI CE6860-48S8CQ-EI @Rack_XX,9089,(034) SERVER_10.100.31.16_VMNIC11 Traffic,9227,04-04-2024 02:50:09,945.0
{JP-Storage55-Secondary} (10.100.11.56) HUAWEI CE6860-48S8CQ-EI @Rack_XX,9089,(034) SERVER_10.100.31.16_VMNIC11 Traffic,9227,04-04-2024 02:51:09,955.0
{JP-Storage55-Secondary} (10.100.11.56) HUAWEI CE6860-48S8CQ-EI @Rack_XX,9089,(034) SERVER_10.100.31.16_VMNIC11 Traffic,9227,04-04-2024 02:52:09,952.0
{JP-Storage55-Secondary} (10.100.11.56) HUAWEI CE6860-48S8CQ-EI @Rack_XX,9089,(034) SERVER_10.100.31.16_VMNIC11 Traffic,9227,04-04-2024 02:53:09,943.0
{JP-Storage55-Secondary} (10.100.11.56) HUAWEI CE6860-48S8CQ-EI @Rack_XX,9089,(034) SERVER_10.100.31.16_VMNIC11 Traffic,9227,04-04-2024 02:54:09,978.0
{JP-Storage55-Secondary} (10.100.11.56) HUAWEI CE6860-48S8CQ-EI @Rack_XX,9089,(034) SERVER_10.100.31.16_VMNIC11 Traffic,9227,04-04-2024 02:55:09,960.0
{JP-Storage55-Secondary} (10.100.11.56) HUAWEI CE6860-48S8CQ-EI @Rack_XX,9089,(034) SERVER_10.100.31.16_VMNIC11 Traffic,9227,04-04-2024 02:56:09,946.0
{JP-Storage55-Secondary} (10.100.11.56) HUAWEI CE6860-48S8CQ-EI @Rack_XX,9089,(034) SERVER_10.100.31.16_VMNIC11 Traffic,9227,04-04-2024 02:57:09,965.0
{JP-Storage55-Secondary} (10.100.11.56) HUAWEI CE6860-48S8CQ-EI @Rack_XX,9089,(034) SERVER_10.100.31.16_VMNIC11 Traffic,9227,04-04-2024 02:58:09,952.0
{JP-Storage55-Secondary} (10.100.11.56) HUAWEI CE6860-48S8CQ-EI @Rack_XX,9089,(034) SERVER_10.100.31.16_VMNIC11 Traffic,9227,04-04-2024 02:59:09,953.0
{JP-Storage55-Secondary} (10.100.11.56) HUAWEI CE6860-48S8CQ-EI @Rack_XX,9089,(034) SERVER_10.100.31.16_VMNIC11 Traffic,9227,04-04-2024 03:00:09,976.0
{JP-Storage55-Secondary} (10.100.11.56) HUAWEI CE6860-48S8CQ-EI @Rack_XX,9089,(034) SERVER_10.100.31.16_VMNIC11 Traffic,9227,04-04-2024 03:01:09,954.0
{JP-Storage55-Secondary} (10.100.11.56) HUAWEI CE6860-48S8CQ-EI @Rack_XX,9089,(034) SERVER_10.100.31.16_VMNIC11 Traffic,9227,04-04-2024 03:02:09,926.0
{JP-Storage55-Secondary} (10.100.11.56) HUAWEI CE6860-48S8CQ-EI @Rack_XX,9089,(034) SERVER_10.100.31.16_VMNIC11 Traffic,9227,04-04-2024 03:03:09,928.0
{JP-Storage55-Secondary} (10.100.11.56) HUAWEI CE6860-48S8CQ-EI @Rack_XX,9089,(034) SERVER_10.100.31.16_VMNIC11 Traffic,9227,04-04-2024 03:04:09,937.0
{JP-Storage55-Secondary} (10.100.11.56) HUAWEI CE6860-48S8CQ-EI @Rack_XX,9089,(034) SERVER_10.100.31.16_VMNIC11 Traffic,9227,04-04-2024 03:05:09,936.0
{JP-Storage55-Secondary} (10.100.11.56) HUAWEI CE6860-48S8CQ-EI @Rack_XX,9089,(034) SERVER_10.100.31.16_VMNIC11 Traffic,9227,04-04-2024 03:06:09,952.0
{JP-Storage55-Secondary} (10.100.11.56) HUAWEI CE6860-48S8CQ-EI @Rack_XX,9089,(034) SERVER_10.100.31.16_VMNIC11 Traffic,9227,04-04-2024 03:07:09,948.0
{JP-Storage55-Secondary} (10.100.11.56) HUAWEI CE6860-48S8CQ-EI @Rack_XX,9089,(034) SERVER_10.100.31.16_VMNIC11 Traffic,9227,04-04-2024 03:08:09,934.0
{JP-Storage55-Secondary} (10.100.11.56) HUAWEI CE6860-48S8CQ-EI @Rack_XX,9089,(034) SERVER_10.100.31.16_VMNIC11 Traffic,9227,04-04-2024 03:09:09,963.0
{JP-Storage55-Secondary} (10.100.11.56) HUAWEI CE6860-48S8CQ-EI @Rack_XX,9089,(034) SERVER_10.100.31.16_VMNIC11 Traffic,9227,04-04-2024 03:10:09,932.0
{JP-Storage55-Secondary} (10.100.11.56) HUAWEI CE6860-48S8CQ-EI @Rack_XX,9089,(034) SERVER_10.100.31.16_VMNIC11 Traffic,9227,04-04-2024 03:11:09,955.0
{JP-Storage55-Secondary} (10.100.11.56) HUAWEI CE6860-48S8CQ-EI @Rack_XX,9089,(034) SERVER_10.100.31.16_VMNIC11 Traffic,9227,04-04-2024 03:12:09,786.0
{JP-Storage55-Secondary} (10.100.11.56) HUAWEI CE6860-48S8CQ-EI @Rack_XX,9089,(034) SERVER_10.100.31.16_VMNIC11 Traffic,9227,04-04-2024 03:15:09,726.0
{JP-Storage55-Secondary} (10.100.11.56) HUAWEI CE6860-48S8CQ-EI @Rack_XX,9089,(034) SERVER_10.100.31.16_VMNIC11 Traffic,9227,04-04-2024 03:16:09,939.0
{JP-Storage55-Secondary} (10.100.11.56) HUAWEI CE6860-48S8CQ-EI @Rack_XX,9089,(034) SERVER_10.100.31.16_VMNIC11 Traffic,9227,04-04-2024 03:17:09,840.0
{JP-Storage55-Secondary} (10.100.11.56) HUAWEI CE6860-48S8CQ-EI @Rack_XX,9089,(034) SERVER_10.100.31.16_VMNIC11 Traffic,9227,04-04-2024 03:20:09,779.0
{JP-Storage55-Secondary} (10.100.11.56) HUAWEI CE6860-48S8CQ-EI @Rack_XX,9089,(034) SERVER_10.100.31.16_VMNIC11 Traffic,9227,04-04-2024 03:21:09,899.0
{JP-Storage55-Secondary} (10.100.11.56) HUAWEI CE6860-48S8CQ-EI @Rack_XX,9089,(034) SERVER_10.100.31.16_VMNIC11 Traffic,9227,04-04-2024 03:22:09,933.0
{JP-Storage55-Secondary} (10.100.11.56) HUAWEI CE6860-48S8CQ-EI @Rack_XX,9089,(034) SERVER_10.100.31.16_VMNIC11 Traffic,9227,04-04-2024 03:23:09,963.0
{JP-Storage55-Secondary} (10.100.11.56) HUAWEI CE6860-48S8CQ-EI @Rack_XX,9089,(034) SERVER_10.100.31.16_VMNIC11 Traffic,9227,04-04-2024 03:24:09,951.0
{JP-Storage55-Secondary} (10.100.11.56) HUAWEI CE6860-48S8CQ-EI @Rack_XX,9089,(034) SERVER_10.100.31.16_VMNIC11 Traffic,9227,04-04-2024 03:25:09,966.0
{JP-Storage55-Secondary} (10.100.11.56) HUAWEI CE6860-48S8CQ-EI @Rack_XX,9089,(034) SERVER_10.100.31.16_VMNIC11 Traffic,9227,04-04-2024 03:26:09,948.0
{JP-Storage55-Secondary} (10.100.11.56) HUAWEI CE6860-48S8CQ-EI @Rack_XX,9089,(034) SERVER_10.100.31.16_VMNIC11 Traffic,9227,04-04-2024 03:27:09,940.0
{JP-Storage55-Secondary} (10.100.11.56) HUAWEI CE6860-48S8CQ-EI @Rack_XX,9089,(034) SERVER_10.100.31.16_VMNIC11 Traffic,9227,04-04-2024 03:28:09,961.0
{JP-Storage55-Secondary} (10.100.11.56) HUAWEI CE6860-48S8CQ-EI @Rack_XX,9089,(034) SERVER_10.100.31.16_VMNIC11 Traffic,9227,04-04-2024 03:29:09,948.0
{JP-Storage55-Secondary} (10.100.11.56) HUAWEI CE6860-48S8CQ-EI @Rack_XX,9089,(034) SERVER_10.100.31.16_VMNIC11 Traffic,9227,04-04-2024 03:30:09,959.0
{JP-Storage55-Secondary} (10.100.11.56) HUAWEI CE6860-48S8CQ-EI @Rack_XX,9089,(034) SERVER_10.100.31.16_VMNIC11 Traffic,9227,04-04-2024 03:31:09,908.0
{JP-Storage55-Secondary} (10.100.11.56) HUAWEI CE6860-48S8CQ-EI @Rack_XX,9089,(034) SERVER_10.100.31.16_VMNIC11 Traffic,9227,04-04-2024 03:32:09,801.0
{JP-Storage55-Secondary} (10.100.11.56) HUAWEI CE6860-48S8CQ-EI @Rack_XX,9089,(034) SERVER_10.100.31.16_VMNIC11 Traffic,9227,04-04-2024 03:33:09,828.0
{JP-Storage55-Secondary} (10.100.11.56) HUAWEI CE6860-48S8CQ-EI @Rack_XX,9089,(034) SERVER_10.100.31.16_VMNIC11 Traffic,9227,04-04-2024 03:34:09,829.0
{JP-Storage55-Secondary} (10.100.11.56) HUAWEI CE6860-48S8CQ-EI @Rack_XX,9089,(034) SERVER_10.100.31.16_VMNIC11 Traffic,9227,04-04-2024 03:35:09,863.0
{JP-Storage55-Secondary} (10.100.11.56) HUAWEI CE6860-48S8CQ-EI @Rack_XX,9089,(034) SERVER_10.100.31.16_VMNIC11 Traffic,9227,04-04-2024 03:36:09,838.0
{JP-Storage55-Secondary} (10.100.11.56) HUAWEI CE6860-48S8CQ-EI @Rack_XX,9089,(034) SERVER_10.100.31.16_VMNIC11 Traffic,9227,04-04-2024 03:37:09,813.0
{JP-Storage55-Secondary} (10.100.11.56) HUAWEI CE6860-48S8CQ-EI @Rack_XX,9089,(034) SERVER_10.100.31.16_VMNIC11 Traffic,9227,04-04-2024 03:38:09,950.0
{JP-Storage55-Secondary} (10.100.11.56) HUAWEI CE6860-48S8CQ-EI @Rack_XX,9089,(034) SERVER_10.100.31.16_VMNIC11 Traffic,9227,04-04-2024 03:39:09,958.0
{JP-Storage55-Secondary} (10.100.11.56) HUAWEI CE6860-48S8CQ-EI @Rack_XX,9089,(034) SERVER_10.100.31.16_VMNIC11 Traffic,9227,04-04-2024 03:40:09,957.0
{JP-Storage55-Secondary} (10.100.11.56) HUAWEI CE6860-48S8CQ-EI @Rack_XX,9089,(034) SERVER_10.100.31.16_VMNIC11 Traffic,9227,04-04-2024 03:41:09,958.0
{JP-Storage55-Secondary} (10.100.11.56) HUAWEI CE6860-48S8CQ-EI @Rack_XX,9089,(034) SERVER_10.100.31.16_VMNIC11 Traffic,9227,04-04-2024 03:42:09,947.0
{JP-Storage55-Secondary} (10.100.11.56) HUAWEI CE6860-48S8CQ-EI @Rack_XX,9089,(034) SERVER_10.100.31.16_VMNIC11 Traffic,9227,04-04-2024 03:43:09,967.0
{JP-Storage55-Secondary} (10.100.11.56) HUAWEI CE6860-48S8CQ-EI @Rack_XX,9089,(034) SERVER_10.100.31.16_VMNIC11 Traffic,9227,04-04-2024 03:44:09,933.0
{JP-Storage55-Secondary} (10.100.11.56) HUAWEI CE6860-48S8CQ-EI @Rack_XX,9089,(034) SERVER_10.100.31.16_VMNIC11 Traffic,9227,04-04-2024 03:45:09,969.0
{JP-Storage55-Secondary} (10.100.11.56) HUAWEI CE6860-48S8CQ-EI @Rack_XX,9089,(034) SERVER_10.100.31.16_VMNIC11 Traffic,9227,04-04-2024 03:46:09,924.0
{JP-Storage55-Secondary} (10.100.11.56) HUAWEI CE6860-48S8CQ-EI @Rack_XX,9089,(034) SERVER_10.100.31.16_VMNIC11 Traffic,9227,04-04-2024 03:47:09,925.0
{JP-Storage55-Secondary} (10.100.11.56) HUAWEI CE6860-48S8CQ-EI @Rack_XX,9089,(034) SERVER_10.100.31.16_VMNIC11 Traffic,9227,04-04-2024 03:48:09,949.0
{JP-Storage55-Secondary} (10.100.11.56) HUAWEI CE6860-48S8CQ-EI @Rack_XX,9089,(034) SERVER_10.100.31.16_VMNIC11 Traffic,9227,04-04-2024 03:49:09,954.0
{JP-Storage55-Secondary} (10.100.11.56) HUAWEI CE6860-48S8CQ-EI @Rack_XX,9089,(034) SERVER_10.100.31.16_VMNIC11 Traffic,9227,04-04-2024 03:50:09,933.0
{JP-Storage55-Secondary} (10.100.11.56) HUAWEI CE6860-48S8CQ-EI @Rack_XX,9089,(034) SERVER_10.100.31.16_VMNIC11 Traffic,9227,04-04-2024 03:51:09,947.0
{JP-Storage55-Secondary} (10.100.11.56) HUAWEI CE6860-48S8CQ-EI @Rack_XX,9089,(034) SERVER_10.100.31.16_VMNIC11 Traffic,9227,04-04-2024 03:52:09,974.0
{JP-Storage55-Secondary} (10.100.11.56) HUAWEI CE6860-48S8CQ-EI @Rack_XX,9089,(034) SERVER_10.100.31.16_VMNIC11 Traffic,9227,04-04-2024 03:53:09,954.0
{JP-Storage55-Secondary} (10.100.11.56) HUAWEI CE6860-48S8CQ-EI @Rack_XX,9089,(034) SERVER_10.100.31.16_VMNIC11 Traffic,9227,04-04-2024 03:54:09,956.0
{JP-Storage55-Secondary} (10.100.11.56) HUAWEI CE6860-48S8CQ-EI @Rack_XX,9089,(034) SERVER_10.100.31.16_VMNIC11 Traffic,9227,04-04-2024 03:55:09,959.0
{JP-Storage55-Secondary} (10.100.11.56) HUAWEI CE6860-48S8CQ-EI @Rack_XX,9089,(034) SERVER_10.100.31.16_VMNIC11 Traffic,9227,04-04-2024 03:56:09,959.0
{JP-Storage55-Secondary} (10.100.11.56) HUAWEI CE6860-48S8CQ-EI @Rack_XX,9089,(034) SERVER_10.100.31.16_VMNIC11 Traffic,9227,04-04-2024 03:57:09,967.0
{JP-Storage55-Secondary} (10.100.11.56) HUAWEI CE6860-48S8CQ-EI @Rack_XX,9089,(034) SERVER_10.100.31.16_VMNIC11 Traffic,9227,04-04-2024 03:58:09,948.0
{JP-Storage55-Secondary} (10.100.11.56) HUAWEI CE6860-48S8CQ-EI @Rack_XX,9089,(034) SERVER_10.100.31.16_VMNIC11 Traffic,9227,04-04-2024 03:59:09,946.0
{JP-Storage55-Secondary} (10.100.11.56) HUAWEI CE6860-48S8CQ-EI @Rack_XX,9089,(034) SERVER_10.100.31.16_VMNIC11 Traffic,9227,04-04-2024 04:00:09,963.0
{JP-Storage55-Secondary} (10.100.11.56) HUAWEI CE6860-48S8CQ-EI @Rack_XX,9089,(034) SERVER_10.100.31.16_VMNIC11 Traffic,9227,04-04-2024 04:01:09,951.0
{JP-Storage55-Secondary} (10.100.11.56) HUAWEI CE6860-48S8CQ-EI @Rack_XX,9089,(034) SERVER_10.100.31.16_VMNIC11 Traffic,9227,04-04-2024 04:02:09,966.0
{JP-Storage55-Secondary} (10.100.11.56) HUAWEI CE6860-48S8CQ-EI @Rack_XX,9089,(034) SERVER_10.100.31.16_VMNIC11 Traffic,9227,04-04-2024 04:03:09,943.0
{JP-Storage55-Secondary} (10.100.11.56) HUAWEI CE6860-48S8CQ-EI @Rack_XX,9089,(034) SERVER_10.100.31.16_VMNIC11 Traffic,9227,04-04-2024 04:04:09,956.0
{JP-Storage55-Secondary} (10.100.11.56) HUAWEI CE6860-48S8CQ-EI @Rack_XX,9089,(034) SERVER_10.100.31.16_VMNIC11 Traffic,9227,04-04-2024 04:05:09,972.0
{JP-Storage55-Secondary} (10.100.11.56) HUAWEI CE6860-48S8CQ-EI @Rack_XX,9089,(034) SERVER_10.100.31.16_VMNIC11 Traffic,9227,04-04-2024 04:06:09,935.0
{JP-Storage55-Secondary} (10.100.11.56) HUAWEI CE6860-48S8CQ-EI @Rack_XX,9089,(034) SERVER_10.100.31.16_VMNIC11 Traffic,9227,04-04-2024 04:07:09,978.0
{JP-Storage55-Secondary} (10.100.11.56) HUAWEI CE6860-48S8CQ-EI @Rack_XX,9089,(034) SERVER_10.100.31.16_VMNIC11 Traffic,9227,04-04-2024 04:08:09,956.0
{JP-Storage55-Secondary} (10.100.11.56) HUAWEI CE6860-48S8CQ-EI @Rack_XX,9089,(034) SERVER_10.100.31.16_VMNIC11 Traffic,9227,04-04-2024 04:09:09,937.0
{JP-Storage55-Secondary} (10.100.11.56) HUAWEI CE6860-48S8CQ-EI @Rack_XX,9089,(034) SERVER_10.100.31.16_VMNIC11 Traffic,9227,04-04-2024 04:10:09,807.0
{JP-Storage55-Secondary} (10.100.11.56) HUAWEI CE6860-48S8CQ-EI @Rack_XX,9089,(034) SERVER_10.100.31.16_VMNIC11 Traffic,9227,04-04-2024 09:37:09,1455.0
{JP-Storage55-Secondary} (10.100.11.56) HUAWEI CE6860-48S8CQ-EI @Rack_XX,9089,(034) SERVER_10.100.31.16_VMNIC11 Traffic,9227,04-04-2024 09:43:09,3387.0
{JP-Storage55-Secondary} (10.100.11.56) HUAWEI CE6860-48S8CQ-EI @Rack_XX,9089,(034) SERVER_10.100.31.16_VMNIC11 Traffic,9227,04-04-2024 09:44:09,3695.0
{JP-Storage55-Secondary} (10.100.11.56) HUAWEI CE6860-48S8CQ-EI @Rack_XX,9089,(034) SERVER_10.100.31.16_VMNIC11 Traffic,9227,04-04-2024 10:00:09,798.0
{JP-Storage55-Secondary} (10.100.11.56) HUAWEI CE6860-48S8CQ-EI @Rack_XX,9089,(034) SERVER_10.100.31.16_VMNIC11 Traffic,9227,04-04-2024 10:03:09,3161.0
{JP-Storage55-Secondary} (10.100.11.56) HUAWEI CE6860-48S8CQ-EI @Rack_XX,9089,(034) SERVER_10.100.31.16_VMNIC11 Traffic,9227,04-04-2024 10:05:09,2216.0
{JP-Storage55-Secondary} (10.100.11.56) HUAWEI CE6860-48S8CQ-EI @Rack_XX,9089,(034) SERVER_10.100.31.16_VMNIC11 Traffic,9227,04-04-2024 11:24:09,2136.0
{JP-Storage55-Secondary} (10.100.11.56) HUAWEI CE6860-48S8CQ-EI @Rack_XX,9089,(034) SERVER_10.100.31.16_VMNIC11 Traffic,9227,04-04-2024 12:59:09,807.0
{JP-Storage55-Secondary} (10.100.11.56) HUAWEI CE6860-48S8CQ-EI @Rack_XX,9089,(034) SERVER_10.100.31.16_VMNIC11 Traffic,9227,04-04-2024 13:17:09,1952.0
{JP-Storage55-Secondary} (10.100.11.56) HUAWEI CE6860-48S8CQ-EI @Rack_XX,9089,(034) SERVER_10.100.31.16_VMNIC11 Traffic,9227,04-04-2024 13:23:09,1133.0
{JP-Storage55-Secondary} (10.100.11.56) HUAWEI CE6860-48S8CQ-EI @Rack_XX,9089,(036) SERVER_10.100.31.18_VMNIC Traffic,9229,04-04-2024 10:02:55,912.0
{JP-Storage55-Secondary} (10.100.11.56) HUAWEI CE6860-48S8CQ-EI @Rack_XX,9089,(036) SERVER_10.100.31.18_VMNIC Traffic,9229,04-04-2024 12:58:55,806.0
{JP-Storage55-Secondary} (10.100.11.56) HUAWEI CE6860-48S8CQ-EI @Rack_XX,9089,(036) SERVER_10.100.31.18_VMNIC Traffic,9229,04-04-2024 13:16:55,1953.0
{JP-Storage55-Secondary} (10.100.11.56) HUAWEI CE6860-48S8CQ-EI @Rack_XX,9089,(036) SERVER_10.100.31.18_VMNIC Traffic,9229,04-04-2024 13:22:55,1133.0
{JP-Storage55-Secondary} (10.100.11.56) HUAWEI CE6860-48S8CQ-EI @Rack_XX,9089,(036) SERVER_10.100.31.18_VMNIC Traffic,9229,04-04-2024 13:28:55,3482.0
{JP-Storage55-Secondary} (10.100.11.56) HUAWEI CE6860-48S8CQ-EI @Rack_XX,9089,(036) SERVER_10.100.31.18_VMNIC Traffic,9229,04-04-2024 16:10:54,1507.0
{JP-Storage55-Secondary} (10.100.11.56) HUAWEI CE6860-48S8CQ-EI @Rack_XX,9089,(036) SERVER_10.100.31.18_VMNIC Traffic,9229,04-04-2024 16:21:54,960.0
{JP-Storage55-Secondary} (10.100.11.56) HUAWEI CE6860-48S8CQ-EI @Rack_XX,9089,"(051) ""Eth-Trunk-SRV_10.100.103.62_vBackup"" Traffic",9236,04-04-2024 08:01:45,916.0
{JP-Storage55-Secondary} (10.100.11.56) HUAWEI CE6860-48S8CQ-EI @Rack_XX,9089,"(051) ""Eth-Trunk-SRV_10.100.103.62_vBackup"" Traffic",9236,04-04-2024 08:21:45,4030.0
{JP-Storage55-Secondary} (10.100.11.56) HUAWEI CE6860-48S8CQ-EI @Rack_XX,9089,"(051) ""Eth-Trunk-SRV_10.100.103.62_vBackup"" Traffic",9236,04-04-2024 09:21:45,1068.0
{JP-Storage55-Secondary} (10.100.11.56) HUAWEI CE6860-48S8CQ-EI @Rack_XX,9089,"(051) ""Eth-Trunk-SRV_10.100.103.62_vBackup"" Traffic",9236,04-04-2024 09:31:45,1368.0
{JP-Storage55-Secondary} (10.100.11.56) HUAWEI CE6860-48S8CQ-EI @Rack_XX,9089,"(051) ""Eth-Trunk-SRV_10.100.103.62_vBackup"" Traffic",9236,04-04-2024 09:36:45,1369.0
{JP-Storage55-Secondary} (10.100.11.56) HUAWEI CE6860-48S8CQ-EI @Rack_XX,9089,"(051) ""Eth-Trunk-SRV_10.100.103.62_vBackup"" Traffic",9236,04-04-2024 09:39:45,735.0
{JP-Storage55-Secondary} (10.100.11.56) HUAWEI CE6860-48S8CQ-EI @Rack_XX,9089,"(051) ""Eth-Trunk-SRV_10.100.103.62_vBackup"" Traffic",9236,04-04-2024 09:40:45,774.0
{JP-Storage55-Secondary} (10.100.11.56) HUAWEI CE6860-48S8CQ-EI @Rack_XX,9089,"(051) ""Eth-Trunk-SRV_10.100.103.62_vBackup"" Traffic",9236,04-04-2024 09:41:45,1046.0
{JP-Storage55-Secondary} (10.100.11.56) HUAWEI CE6860-48S8CQ-EI @Rack_XX,9089,"(051) ""Eth-Trunk-SRV_10.100.103.62_vBackup"" Traffic",9236,04-04-2024 09:51:45,2799.0
{JP-Storage55-Secondary} (10.100.11.56) HUAWEI CE6860-48S8CQ-EI @Rack_XX,9089,"(051) ""Eth-Trunk-SRV_10.100.103.62_vBackup"" Traffic",9236,04-04-2024 10:01:45,1118.0
{JP-Storage55-Secondary} (10.100.11.56) HUAWEI CE6860-48S8CQ-EI @Rack_XX,9089,"(051) ""Eth-Trunk-SRV_10.100.103.62_vBackup"" Traffic",9236,04-04-2024 10:11:45,1959.0
